<?xml version="1.0" encoding="UTF-8"?>
<files>
  <file name="Dynablocks/1524_doll_7place_9-26-3007.rbxl" source="original">
    <mtime>1678247321</mtime>
    <size>208163</size>
    <md5>9a473c942ddd61cd9256a2620b2832c6</md5>
    <crc32>70c728d1</crc32>
    <sha1>ebeeb414356799b0d31305328f3340862b42cb68</sha1>
    <format>Unknown</format>
    <viruscheck>1678247875</viruscheck>
  </file>
  <file name="Dynablocks/1622_buildermans_place_3-24-2004.rbxl" source="original">
    <mtime>1678247513</mtime>
    <size>5420972</size>
    <md5>350bad1685e671b7135f4351224c331c</md5>
    <crc32>3ec8953c</crc32>
    <sha1>0fc401e14d12da18dce907b9335fc5ab550033d2</sha1>
    <format>Unknown</format>
    <viruscheck>1678247875</viruscheck>
  </file>
  <file name="Dynablocks/1792_tarty96s_place_7-8-2004.rbxl" source="original">
    <mtime>1678247554</mtime>
    <size>2406030</size>
    <md5>f9688a515991bc584477aefafb21318f</md5>
    <crc32>3329c931</crc32>
    <sha1>d4f374cac52196ffcfe91e720546bb2e35806633</sha1>
    <format>Unknown</format>
    <viruscheck>1678247875</viruscheck>
  </file>
  <file name="Dynablocks/G3DTest.exe" source="original">
    <mtime>1678247597</mtime>
    <size>585728</size>
    <md5>d7bbd8c6339aaf77c033eaad7fd50fa0</md5>
    <crc32>0b8f39e3</crc32>
    <sha1>54344148bde66333e9614f769cba0638b4769799</sha1>
    <format>Windows Executable</format>
    <viruscheck>1678247875</viruscheck>
  </file>
  <file name="Dynablocks/LICENSE" source="original">
    <mtime>1678247599</mtime>
    <size>18431</size>
    <md5>ffa10f40b98be2c2bc9608f56827ed23</md5>
    <crc32>a6d3a2f5</crc32>
    <sha1>dc8f2e570bf431427dbc3bab9d4d551b53a60208</sha1>
    <format>Unknown</format>
    <viruscheck>1678247875</viruscheck>
  </file>
  <file name="Dynablocks/dynablocks.exe" source="original">
    <mtime>1678247568</mtime>
    <size>585728</size>
    <md5>d7bbd8c6339aaf77c033eaad7fd50fa0</md5>
    <crc32>0b8f39e3</crc32>
    <sha1>54344148bde66333e9614f769cba0638b4769799</sha1>
    <format>Windows Executable</format>
    <viruscheck>1678247875</viruscheck>
  </file>
  <file name="Dynablocks/g3d-license.txt" source="original">
    <mtime>1678247571</mtime>
    <size>2184</size>
    <md5>df658044d33f503ebdbde39ab6b7a083</md5>
    <crc32>2816312c</crc32>
    <sha1>68d7cbecd656de60b525d01fb1f3446fd630370b</sha1>
    <format>Text</format>
    <viruscheck>1678247875</viruscheck>
  </file>
  <file name="Dynablocks/log.txt" source="original">
    <mtime>1678247604</mtime>
    <size>107</size>
    <md5>0eaed77c5677d502b9cf832e09a90c77</md5>
    <crc32>81e20bac</crc32>
    <sha1>b017cb08c5de0417b890076a199b6a17de3d68ae</sha1>
    <format>Text</format>
    <viruscheck>1678247875</viruscheck>
  </file>
  <file name="Dynablocks/phys-test-room-collapse.rbxl" source="original">
    <mtime>1678247641</mtime>
    <size>839770</size>
    <md5>00e273ab2211274474edd4567daa3029</md5>
    <crc32>539d2c77</crc32>
    <sha1>1806f623caf1433d8fdd1873fe315c9c055a1a97</sha1>
    <format>Unknown</format>
    <viruscheck>1678247875</viruscheck>
  </file>
  <file name="Dynablocks/phys-test-tower-collapse.rbxl" source="original">
    <mtime>1678247766</mtime>
    <size>1586376</size>
    <md5>a56a3b8ff02f63b25e17098c4f851935</md5>
    <crc32>298e7242</crc32>
    <sha1>448f3afe1f1bd542ece20f4a7666a711cbf6c9b4</sha1>
    <format>Unknown</format>
    <viruscheck>1678247875</viruscheck>
  </file>
  <file name="Dynablocks/phys-test-tower-stable.rbxl" source="original">
    <mtime>1678247792</mtime>
    <size>1388878</size>
    <md5>b0ba0e117020f786e5cca4c11c88231b</md5>
    <crc32>cc24898c</crc32>
    <sha1>111e09c30ac7f1ba1169ce667adf2600477aff75</sha1>
    <format>Unknown</format>
    <viruscheck>1678247875</viruscheck>
  </file>
  <file name="dynablocks_archive.torrent" source="metadata">
    <btih>03038d3e152934c5ff75133411d6a48d851ddfc2</btih>
    <mtime>1697154633</mtime>
    <size>4025</size>
    <md5>d87efcbe4631ae2eee258fa3d27d1edd</md5>
    <crc32>706eff34</crc32>
    <sha1>84aa3dbdf640e3880a522751f82bdf6a47b5b900</sha1>
    <format>Archive BitTorrent</format>
  </file>
  <file name="dynablocks_files.xml" source="original">
    <format>Metadata</format>
    <md5>f27a7fbeb793296f6878d42d4e5ba3c4</md5>
    <summation>md5</summation>
  </file>
  <file name="dynablocks_meta.sqlite" source="original">
    <mtime>1678247862</mtime>
    <size>45056</size>
    <md5>ff808728d152e9cb8f9ac34f1b74c3d1</md5>
    <crc32>46f8c290</crc32>
    <sha1>a1b41a771cbccaf91f7042bd88e3244b51cf2bc8</sha1>
    <format>Metadata</format>
  </file>
  <file name="dynablocks_meta.xml" source="original">
    <mtime>1678247876</mtime>
    <size>862</size>
    <md5>dd133544d54c4b547b5f894ff04c6010</md5>
    <crc32>2f7a9dab</crc32>
    <sha1>0b4ec186b161a6997e260c5cb5bcf4ce945b1ba2</sha1>
    <format>Metadata</format>
  </file>
  <file name="dynablocks_reviews.xml" source="original">
    <mtime>1697154631</mtime>
    <size>2651</size>
    <md5>712f2521a4c2d254745ec20b786adc17</md5>
    <crc32>fef3f33c</crc32>
    <sha1>8e0e60dafe8f632aab93cd44e3c45248094e1fa3</sha1>
    <format>Metadata</format>
  </file>
</files>
