<?xml version="1.0" encoding="UTF-8"?>
<metadata>
  <identifier>dynablocks</identifier>
  <mediatype>software</mediatype>
  <collection>open_source_software</collection>
  <creator>David Baszucki</creator>
  <date>2004</date>
  <description>This is the first Dynablocks client from 2004!</description>
  <language>eng</language>
  <scanner>Internet Archive HTML5 Uploader 1.7.0</scanner>
  <subject>dynablocks</subject>
  <title>Dynablocks 2004 Roblox client</title>
  <subject>2004</subject>
  <subject>old</subject>
  <subject>roblox</subject>
  <uploader>unpoweredtwo@gmail.com</uploader>
  <collection>community</collection>
  <publicdate>2023-03-08 03:48:58</publicdate>
  <addeddate>2023-03-08 03:48:58</addeddate>
  <curation>[curator]validator@archive.org[/curator][date]20230308035755[/date][comment]checked for malware[/comment]</curation>
</metadata>
