<?xml version="1.0" encoding="UTF-8"?>
<reviews itemIdentifier="dynablocks">
  <review>
    <reviewtitle>Doesn't run</reviewtitle>
    <reviewbody>When I download all original files, i run eitehr .exe applications and give me an error message saying that "SDL.ddl" was not found.</reviewbody>
    <stars>1</stars>
    <reviewer>Polo Gene</reviewer>
    <reviewdate>2023-06-23 12:16:24</reviewdate>
    <createdate>2023-06-23 12:16:24</createdate>
    <reviewer_itemname>@polo_gene</reviewer_itemname>
  </review>
  <review>
    <reviewtitle>VirusTotal</reviewtitle>
    <reviewbody>it says on virus total 0/61 https://www.virustotal.com/gui/file/ec455238c6f52af4dc396c7139b8c16c391403e56cd129386daed00cdb297d31?nocache=1 but im not to sure if its still safe</reviewbody>
    <stars>3</stars>
    <reviewer>Jayren Hills650</reviewer>
    <reviewdate>2023-07-01 03:45:58</reviewdate>
    <createdate>2023-07-01 03:45:58</createdate>
    <reviewer_itemname>@jayren_hills650</reviewer_itemname>
  </review>
  <review>
    <reviewtitle>i dont think this safe</reviewtitle>
    <reviewbody>i think it a Virus</reviewbody>
    <stars>0</stars>
    <reviewer>robloxplayer12345678910</reviewer>
    <reviewdate>2023-07-17 06:11:51</reviewdate>
    <createdate>2023-07-17 06:11:51</createdate>
    <reviewer_itemname>@robloxplayer12345678910</reviewer_itemname>
  </review>
  <review>
    <reviewtitle>blud tried</reviewtitle>
    <reviewbody>nahhhh blud tried to infect my computer</reviewbody>
    <stars>1</stars>
    <reviewer>Claudio1203</reviewer>
    <reviewdate>2023-07-29 14:17:43</reviewdate>
    <createdate>2023-07-29 14:16:48</createdate>
    <reviewer_itemname>@claudio1203</reviewer_itemname>
  </review>
  <review>
    <reviewtitle>i found a way to fix the sdl.dll problem but it still has a error</reviewtitle>
    <reviewbody>SDL.DLL DOWNLOAD: https://www.dll-files.com/download/2884da0e5ce6d42f31fc4476a8947f1b/sdl.dll.html?c=NVozYkRaQWF5NDFaeUFuNjFITy84QT09

</reviewbody>
    <stars>4</stars>
    <reviewer>The_Gamer_Audi2023</reviewer>
    <reviewdate>2023-10-03 16:22:27</reviewdate>
    <createdate>2023-10-03 16:22:27</createdate>
    <reviewer_itemname>@the_gamer_audi2023</reviewer_itemname>
  </review>
  <review>
    <reviewtitle>Malware</reviewtitle>
    <reviewbody>Don't download this, it's malware</reviewbody>
    <stars>1</stars>
    <reviewer>Arietolon</reviewer>
    <reviewdate>2023-10-12 23:50:26</reviewdate>
    <createdate>2023-10-12 23:50:26</createdate>
    <reviewer_itemname>@arietolon</reviewer_itemname>
  </review>
  <info>
    <num_reviews>6</num_reviews>
    <avg_rating>2.00</avg_rating>
  </info>
</reviews>
